City_ID,City,Lat,Lng,Max Temp,Humidity,Cloudiness,Wind Speed,Country,Date
0,albany,42.6001,-73.9662,72.54,80,76,1.01,US,1667767199
1,ilulissat,69.2167,-51.1,-0.56,94,40,6.89,GL,1667767396
2,qaanaaq,77.484,-69.3632,2.53,91,100,2.86,GL,1667767396
3,tuktoyaktuk,69.4541,-133.0374,6.8,85,100,10.36,CA,1667767397
4,jamestown,42.097,-79.2353,71.24,60,75,13.8,US,1667767301
5,salina cruz,16.1667,-95.2,88.14,61,28,5.93,MX,1667767365
6,matara,5.9485,80.5353,75.18,89,65,2.15,LK,1667767397
7,sampit,-2.5333,112.95,73.29,97,100,4.25,ID,1667767398
8,new norfolk,-42.7826,147.0587,53.71,67,27,2.57,AU,1667767398
9,kununurra,-15.7667,128.7333,76.98,78,11,0.0,AU,1667767398
10,iqaluit,63.7506,-68.5145,11.93,67,20,6.91,CA,1667767399
11,ushuaia,-54.8,-68.3,49.62,81,75,8.05,AR,1667767338
12,luorong,24.4058,109.6086,63.09,84,0,1.95,CN,1667767399
13,chuy,-33.6971,-53.4616,63.48,72,15,11.45,UY,1667767400
14,lasa,46.6166,10.7002,45.48,59,95,2.17,IT,1667767400
15,bosaso,11.2842,49.1816,79.0,78,14,1.12,SO,1667767400
16,saskylakh,71.9167,114.0833,-24.34,100,48,2.75,RU,1667767401
17,macon,39.8667,-88.9668,66.87,48,0,16.11,US,1667767401
18,ahipara,-35.1667,173.1667,63.48,61,42,13.27,NZ,1667767401
19,marechal candido rondon,-24.5561,-54.0567,69.33,63,80,3.87,BR,1667767402
20,busselton,-33.65,115.3333,56.48,84,79,10.09,AU,1667767402
21,khatanga,71.9667,102.5,-17.16,98,39,5.3,RU,1667767403
22,namibe,-15.1961,12.1522,69.44,67,0,7.38,AO,1667767403
23,barra do garcas,-15.89,-52.2567,93.78,29,20,4.61,BR,1667767403
24,bluff,-46.6,168.3333,53.96,62,19,13.62,NZ,1667767404
25,sao filipe,14.8961,-24.4956,79.09,68,0,6.02,CV,1667767404
26,tilichiki,60.4667,166.1,17.42,96,81,7.65,RU,1667767404
27,kodiak,57.79,-152.4072,35.11,38,0,6.91,US,1667767405
28,ayolas,-27.4,-56.9,80.4,43,6,4.99,PY,1667767405
29,rikitea,-23.1203,-134.9692,71.87,73,56,13.78,PF,1667767405
30,hithadhoo,-0.6,73.0833,81.37,76,86,11.03,MV,1667767406
31,longyearbyen,78.2186,15.6401,31.84,74,75,13.8,SJ,1667767406
32,cape town,-33.9258,18.4232,66.09,69,0,10.36,ZA,1667767347
33,kavaratti,10.5669,72.642,81.48,75,0,6.11,IN,1667767406
34,grand gaube,-20.0064,57.6608,73.8,74,84,3.0,MU,1667767407
35,hearst,49.6835,-83.6665,34.05,97,100,6.42,CA,1667767407
36,horn lake,34.9554,-90.0348,73.87,74,40,8.05,US,1667767408
37,poya,-21.35,165.15,80.13,74,8,6.78,NC,1667767408
38,arica,-18.475,-70.3042,74.75,63,0,11.5,CL,1667767402
39,murgab,37.4966,61.9714,58.87,67,75,11.5,TM,1667767408
40,hermanus,-34.4187,19.2345,69.8,81,100,10.76,ZA,1667767409
41,ailigandi,9.2333,-78.0167,81.55,75,100,12.97,PA,1667767409
42,makakilo city,21.3469,-158.0858,83.44,61,0,18.41,US,1667767410
43,luderitz,-26.6481,15.1594,64.87,74,93,6.11,NA,1667767410
44,tjaereborg,55.4646,8.5797,50.65,90,100,21.85,DK,1667767410
45,muramvya,-3.2682,29.6079,57.13,91,96,1.23,BI,1667767411
46,arman,59.7,150.1667,25.02,77,100,11.48,RU,1667767411
47,sao joao da barra,-21.6403,-41.0511,75.29,69,0,11.72,BR,1667767412
48,port alfred,-33.5906,26.891,66.18,86,26,8.01,ZA,1667767412
49,turka,49.1541,23.0297,42.96,96,77,3.38,UA,1667767412
50,chokurdakh,70.6333,147.9167,4.68,93,100,16.98,RU,1667767413
51,fairview,40.8126,-73.999,74.46,76,100,9.22,US,1667767413
52,abu dhabi,24.4667,54.3667,82.51,69,0,0.0,AE,1667767413
53,beringovskiy,63.05,179.3167,28.65,95,100,4.43,RU,1667767414
54,marzuq,14.4,46.4667,66.11,75,0,4.7,YE,1667767414
55,hobart,-42.8794,147.3294,54.05,93,24,2.75,AU,1667767130
56,punta arenas,-53.15,-70.9167,62.71,45,0,18.41,CL,1667767414
57,georgetown,5.4112,100.3354,81.23,93,20,2.3,MY,1667767236
58,lianyuan,27.6883,111.6642,59.56,69,0,1.12,CN,1667767415
59,castro,-24.7911,-50.0119,56.62,76,94,3.78,BR,1667767415
60,bredasdorp,-34.5322,20.0403,64.74,89,100,4.7,ZA,1667767416
61,hambantota,6.1241,81.1185,75.99,84,68,9.62,LK,1667767416
62,imeni poliny osipenko,52.4201,136.4853,17.44,80,68,4.59,RU,1667767416
63,harlingen,26.1906,-97.6961,92.05,72,40,14.97,US,1667766625
64,roma,43.2128,-75.4557,75.96,57,20,14.97,US,1667767417
65,chemin grenier,-20.4872,57.4656,72.99,77,85,8.48,MU,1667767417
66,barstow,34.8986,-117.0228,74.39,35,2,19.06,US,1667767327
67,fortuna,40.5982,-124.1573,56.93,81,100,8.01,US,1667767418
68,lagoa,39.05,-27.9833,64.26,77,46,24.25,PT,1667767418
69,bambous virieux,-20.3428,57.7575,73.65,73,40,8.05,MU,1667767419
70,bathsheba,13.2167,-59.5167,83.01,83,75,13.8,BB,1667767419
71,carnarvon,-24.8667,113.6333,66.51,75,100,17.07,AU,1667767419
72,butaritari,3.0707,172.7902,78.98,75,43,6.08,KI,1667767420
73,caicedo,6.4051,-75.9826,74.07,88,95,2.98,CO,1667767420
74,ponta do sol,32.6667,-17.1,70.72,89,72,4.27,PT,1667767420
75,kenai,60.5544,-151.2583,19.15,80,0,3.44,US,1667767421
76,tura,25.5198,90.2201,65.53,89,0,2.84,IN,1667767211
77,ponta delgada,37.7333,-25.6667,65.12,72,20,9.22,PT,1667767421
78,mount gambier,-37.8333,140.7667,58.19,79,7,4.0,AU,1667767421
79,mar del plata,-38.0023,-57.5575,74.82,81,0,28.01,AR,1667767422
80,prince rupert,54.3161,-130.3201,35.69,35,0,18.41,CA,1667767422
81,vaini,-21.2,-175.2,78.96,69,20,5.75,TO,1667767423
82,puerto ayora,-0.7393,-90.3518,75.16,69,91,12.03,EC,1667767423
83,kudahuvadhoo,2.6708,72.8944,80.85,79,38,13.27,MV,1667767423
84,avarua,-21.2078,-159.775,78.85,57,20,6.91,CK,1667767424
85,kieta,-6.2167,155.6333,79.02,87,98,6.29,PG,1667767424
86,hilo,19.7297,-155.09,80.62,88,100,4.61,US,1667767343
87,guerrero negro,27.9769,-114.0611,70.68,55,0,11.34,MX,1667767226
88,anshun,26.25,105.9333,51.6,94,1,2.68,CN,1667767425
89,hualmay,-11.0964,-77.6139,67.5,70,28,9.75,PE,1667767425
90,mataura,-46.1927,168.8643,57.74,48,2,5.14,NZ,1667767425
91,kapaa,22.0752,-159.319,83.12,75,40,11.5,US,1667767426
92,atuona,-9.8,-139.0333,76.84,69,53,11.63,PF,1667767426
93,arraial do cabo,-22.9661,-42.0278,73.36,64,20,13.8,BR,1667767427
94,oktyabrskiy,54.4815,53.471,18.39,97,53,3.42,RU,1667767427
95,samarai,-10.6167,150.6667,82.31,75,95,5.21,PG,1667767427
96,nioro,13.35,-15.75,79.68,45,39,4.68,GM,1667767428
97,port elizabeth,-33.918,25.5701,70.11,86,0,16.11,ZA,1667767172
98,codrington,-38.2667,141.9667,57.85,80,3,2.35,AU,1667767428
99,tabuleiro do norte,-5.2467,-38.1306,83.14,62,100,11.12,BR,1667767429
100,carlagan,14.975,122.0456,78.62,88,99,7.92,PH,1667767429
101,ugoofaaru,5.6667,73.0,80.67,74,91,5.37,MV,1667767429
102,ossora,59.2353,163.0719,28.98,84,100,6.62,RU,1667767430
103,hami,42.8,93.45,45.45,27,82,3.78,CN,1667767430
104,tuatapere,-46.1333,167.6833,57.07,58,23,7.36,NZ,1667767430
105,vila velha,-20.3297,-40.2925,75.15,77,20,10.36,BR,1667767431
106,prado,-17.3411,-39.2208,72.19,70,75,10.49,BR,1667767431
107,palasa,18.7667,84.4167,70.12,84,2,3.91,IN,1667767431
108,kontagora,10.3999,5.4695,74.26,28,56,4.27,NG,1667767432
109,hasaki,35.7333,140.8333,49.21,54,100,8.75,JP,1667767432
110,brae,60.3964,-1.353,49.91,82,99,18.45,GB,1667767432
111,groves,29.9483,-93.9171,86.07,68,40,14.97,US,1667767433
112,chibombo,-14.6569,28.0706,69.6,74,68,2.71,ZM,1667767433
113,marsabit,2.3284,37.9899,70.23,60,92,10.96,KE,1667767433
114,gravdal,68.1214,13.5031,40.06,67,46,20.83,NO,1667767434
115,touros,-5.1989,-35.4608,78.93,74,85,11.61,BR,1667767229
116,erdaojiang,41.7764,126.0319,38.17,97,100,3.09,CN,1667767434
117,liancheng,24.0519,105.075,52.54,95,0,1.97,CN,1667767435
118,husavik,66.0449,-17.3389,38.61,86,100,7.7,IS,1667767435
119,poso,-1.3959,120.7524,76.91,82,80,4.12,ID,1667767435
120,namatanai,-3.6667,152.4333,81.46,79,97,4.18,PG,1667767436
121,seymchan,62.8833,152.4333,-13.05,100,99,1.59,RU,1667767436
122,hun,29.1268,15.9477,62.58,37,0,5.79,LY,1667767436
123,verkhnyaya inta,65.9811,60.3094,28.87,96,100,6.26,RU,1667767437
124,praya,14.9215,-23.5087,79.34,69,0,11.5,CV,1667767437
125,piranhas,-16.4269,-51.8222,88.09,26,62,5.3,BR,1667767437
126,pacific grove,36.6177,-121.9166,63.21,68,0,10.36,US,1667767438
127,barreirinha,-2.7933,-57.07,85.96,59,90,3.51,BR,1667767438
128,cidreira,-30.1811,-50.2056,63.73,79,2,14.63,BR,1667767439
129,joensuu,62.6012,29.7632,39.69,100,100,8.05,FI,1667767439
130,esperance,-33.8667,121.9,57.04,88,100,14.12,AU,1667767439
131,katsuura,35.1333,140.3,61.74,58,100,7.49,JP,1667767440
132,maumere,-8.6199,122.2111,80.2,80,100,3.56,ID,1667767440
133,airai,-8.9266,125.4092,59.88,75,96,2.62,TL,1667767440
134,yazd,31.8972,54.3675,55.51,33,0,4.61,IR,1667767441
135,pauini,-7.7136,-66.9764,95.79,23,12,2.01,BR,1667767441
136,provideniya,64.3833,-173.3,33.91,100,100,8.99,RU,1667767441
137,bethel,41.3712,-73.414,72.01,81,100,1.01,US,1667767442
138,muromtsevo,56.3724,75.2418,27.55,94,97,7.85,RU,1667767442
139,norman wells,65.282,-126.8329,8.64,78,75,18.41,CA,1667767342
140,vester hassing,57.0677,10.1256,49.87,95,100,13.8,DK,1667767443
141,brownsville,25.9018,-97.4975,91.4,69,20,11.5,US,1667767443
142,east london,-33.0153,27.9116,67.42,76,71,16.87,ZA,1667767444
143,alofi,-19.0595,-169.9187,78.69,61,40,13.38,NU,1667767444
144,la ronge,55.1001,-105.2842,17.85,67,100,16.11,CA,1667767444
145,chernyshevskiy,63.0128,112.4714,12.11,95,100,2.17,RU,1667767445
146,vostok,46.4856,135.8833,20.98,68,3,5.01,RU,1667767445
147,mongoumba,3.6415,18.5936,72.99,88,100,2.46,CF,1667767446
148,zharkent,44.1628,80.0,47.53,69,100,2.06,KZ,1667767278
149,izhma,65.0083,53.9113,30.25,92,100,6.24,RU,1667767446
150,sur,22.5667,59.5289,79.88,67,88,7.72,OM,1667767292
151,dahanu,19.9667,72.7333,75.63,55,8,4.09,IN,1667767447
152,faanui,-16.4833,-151.75,78.37,83,100,22.75,PF,1667767447
153,caravelas,-17.7125,-39.2481,72.73,67,99,9.84,BR,1667767447
154,shimoda,34.6667,138.95,55.11,69,100,9.26,JP,1667767448
155,coihaique,-45.5752,-72.0662,59.61,49,100,8.08,CL,1667767448
156,taseyevo,57.2169,94.8978,31.57,72,68,12.48,RU,1667767448
157,karachi,24.9056,67.0822,75.02,78,99,5.75,PK,1667767449
158,hovd,48.0056,91.6419,30.92,66,100,4.61,MN,1667767449
159,barrow,71.2906,-156.7887,15.82,79,100,23.02,US,1667767450
160,waipawa,-41.4122,175.5153,59.79,61,3,6.17,NZ,1667767450
161,imbituba,-28.24,-48.6703,63.36,80,99,7.47,BR,1667767450
162,huarmey,-10.0681,-78.1522,68.95,72,15,10.85,PE,1667767451
163,sobolevo,54.4299,31.8996,34.77,97,100,9.4,RU,1667767451
164,padang,-0.9492,100.3543,75.25,87,100,3.38,ID,1667767335
165,bexhill,-28.7667,153.35,56.64,99,100,3.44,AU,1667767452
166,rajgarh,28.6333,75.3833,75.94,24,89,5.23,IN,1667767452
167,fukuchiyama,35.3,135.1167,47.05,77,100,0.63,JP,1667767452
168,vardo,70.3705,31.1107,35.58,80,75,10.36,NO,1667767453
169,yellowknife,62.456,-114.3525,1.92,71,40,11.5,CA,1667767453
170,orange cove,36.6244,-119.3137,71.62,42,100,0.0,US,1667767453
171,mount isa,-20.7333,139.5,73.17,68,6,8.05,AU,1667767454
172,huangmei,30.1924,116.025,56.23,83,0,1.45,CN,1667767455
173,sitka,57.0531,-135.33,33.69,32,0,10.36,US,1667767455
174,rabak,13.1809,32.74,84.45,25,7,9.44,SD,1667767455
175,viedma,-40.8135,-62.9967,87.51,16,22,19.3,AR,1667767226
176,embu,-23.6489,-46.8522,63.82,80,77,9.86,BR,1667767399
177,anakapalle,17.6833,83.0167,71.55,85,1,2.98,IN,1667767456
178,kungurtug,50.5994,97.5228,20.17,79,94,1.54,RU,1667767457
179,nikolskoye,59.7035,30.7861,39.09,97,100,7.87,RU,1667767457
180,verkhoyansk,67.5447,133.385,-2.02,98,100,4.59,RU,1667767457
181,bengkulu,-3.8004,102.2655,75.9,86,100,5.03,ID,1667767458
182,sandnessjoen,66.0217,12.6316,40.64,92,100,1.01,NO,1667767458
183,vilyuysk,63.7553,121.6247,-23.4,99,8,2.89,RU,1667767459
184,whitehorse,60.7161,-135.0538,5.77,55,75,11.5,CA,1667767459
185,uruzgan,32.8333,66.0,43.77,65,0,3.42,AF,1667767459
186,saint-philippe,-21.3585,55.7679,72.99,86,64,8.79,RE,1667767460
187,geraldton,-28.7667,114.6,64.81,68,100,11.5,AU,1667767460
188,lebu,-37.6167,-73.65,56.05,72,28,12.46,CL,1667767461
189,shenzhen,22.5455,114.0683,70.14,97,96,4.63,CN,1667767461
190,edgewater,28.9889,-80.9023,86.13,78,40,11.5,US,1667767394
191,san patricio,28.017,-97.5169,87.66,66,93,10.31,US,1667767461
192,iwanai,42.9744,140.5089,37.35,73,64,1.52,JP,1667767462
193,mackay,-21.15,149.2,72.68,63,89,16.82,AU,1667767462
194,tigil,57.8,158.6667,5.25,93,39,3.22,RU,1667767463
195,llangefni,53.2556,-4.3106,53.73,79,75,25.32,GB,1667767463
196,tromso,69.6496,18.957,35.38,75,75,2.3,NO,1667767463
197,nadym,65.5333,72.5167,12.97,94,97,6.04,RU,1667767464
198,ostrovnoy,68.0531,39.5131,32.81,95,100,16.51,RU,1667767464
199,leshukonskoye,64.8989,45.7622,27.21,88,97,8.41,RU,1667767464
200,saint-georges,12.0564,-61.7485,85.68,74,20,17.27,GD,1667767465
201,coquimbo,-29.9533,-71.3436,64.13,67,20,14.97,CL,1667767456
202,santo antonio do ica,-3.1022,-67.9397,81.61,71,95,1.7,BR,1667767465
203,tay ninh,11.3,106.1,73.87,92,100,5.03,VN,1667767466
204,san quintin,30.4833,-115.95,66.97,65,5,11.36,MX,1667767466
205,ostersund,63.1792,14.6357,38.61,100,75,5.01,SE,1667767466
206,fairbanks,64.8378,-147.7164,9.23,83,0,0.0,US,1667767248
207,lingyuan,41.24,119.4011,37.44,46,1,6.06,CN,1667767467
208,aksarka,66.5606,67.7975,14.7,93,41,3.65,RU,1667767467
209,aswan,24.0934,32.907,72.7,28,0,5.75,EG,1667767467
210,tiksi,71.6872,128.8694,1.72,92,100,22.06,RU,1667767468
211,tasiilaq,65.6145,-37.6368,30.36,82,84,5.14,GL,1667767468
212,banda aceh,5.5577,95.3222,77.85,80,100,4.61,ID,1667767469
213,ijui,-28.3878,-53.9147,70.84,44,5,9.4,BR,1667767469
214,mayo,38.8876,-76.5119,79.18,79,100,11.5,US,1667767469
215,talara,-4.5772,-81.2719,70.56,68,0,13.8,PE,1667767470
216,mayya,61.7333,130.2811,-13.68,98,99,5.41,RU,1667767470
217,siteki,-26.45,31.95,61.83,88,52,3.27,SZ,1667767470
218,moron,-34.6534,-58.6198,77.95,66,4,12.39,AR,1667767471
219,dikson,73.5069,80.5464,7.9,93,100,8.08,RU,1667767471
220,clyde river,70.4692,-68.5914,-1.97,65,0,6.91,CA,1667767471
221,palmer,42.1584,-72.3287,73.81,68,100,9.22,US,1667767472
222,straumen,63.8709,11.2999,33.8,82,48,3.85,NO,1667767472
223,sal rei,16.1833,-22.9167,78.58,69,0,13.29,CV,1667767472
224,abu kamal,34.4506,40.9171,67.6,30,0,5.59,SY,1667767473
225,alta gracia,-31.6529,-64.4283,83.88,22,25,12.48,AR,1667767473
226,sotouboua,8.5667,0.9833,78.46,42,5,0.54,TG,1667767473
227,biltine,14.5333,20.9167,81.27,19,6,6.8,TD,1667767474
228,mehamn,71.0357,27.8492,37.35,65,20,17.27,NO,1667767474
229,sinnamary,5.3833,-52.95,79.3,85,61,6.78,GF,1667767474
230,severo-kurilsk,50.6789,156.125,36.3,89,57,23.26,RU,1667767475
231,curuca,-0.7289,-47.8481,77.61,84,100,3.36,BR,1667767475
232,grootfontein,-19.5667,18.1167,69.37,46,74,9.22,NA,1667767475
233,barcelos,41.5388,-8.6151,60.94,91,54,1.43,PT,1667767327
234,krasnoselkup,65.7,82.4667,17.4,96,95,6.91,RU,1667767476
235,bukachacha,52.9833,116.9167,8.73,96,21,2.33,RU,1667767477
236,chicama,-7.8447,-79.1469,64.94,65,7,9.89,PE,1667767477
237,leningradskiy,69.3833,178.4167,17.42,79,4,8.25,RU,1667767477
238,sao raimundo nonato,-9.0153,-42.6994,75.22,79,91,2.59,BR,1667767478
239,havelock,34.8791,-76.9013,82.38,73,75,6.91,US,1667767478
240,soavinandriana,-19.1667,46.7333,60.93,88,100,1.81,MG,1667767478
241,los llanos de aridane,28.6585,-17.9182,67.12,85,75,6.91,ES,1667767479
242,aykhal,66.0,111.5,-11.72,100,100,5.61,RU,1667767479
243,ribeira grande,38.5167,-28.7,65.77,77,40,13.8,PT,1667767480
244,polunochnoye,60.8697,60.4153,17.94,96,97,3.78,RU,1667767480
245,ajdabiya,30.7554,20.2263,69.6,64,37,13.38,LY,1667767480
246,kushmurun,52.4503,64.6311,23.83,91,100,5.59,KZ,1667767481
247,mahebourg,-20.4081,57.7,73.69,73,40,8.05,MU,1667767481
248,lotofaga,-13.9764,-171.8578,83.98,76,90,15.19,WS,1667767481
249,aklavik,68.2191,-135.0107,-1.46,86,27,6.13,CA,1667767482
250,navrongo,10.8956,-1.0921,82.58,25,15,6.42,GH,1667767482
251,antsohihy,-14.8796,47.9875,77.61,78,0,0.56,MG,1667767482
252,glenluce,54.8798,-4.8084,50.27,82,77,16.31,GB,1667767483
253,svetlogorsk,52.6333,29.7333,41.83,92,100,9.33,BY,1667767483
254,poum,-20.2333,164.0167,78.48,78,1,6.55,NC,1667767483
255,wajir,1.7471,40.0573,81.59,60,100,13.89,KE,1667767484
256,bandarbeyla,9.4942,50.8122,78.66,78,27,6.69,SO,1667767484
257,narsaq,60.9167,-46.05,35.82,92,100,3.13,GL,1667767484
258,kavieng,-2.5744,150.7967,83.57,70,100,5.91,PG,1667767485
259,miri,4.4148,114.0089,77.14,94,40,2.3,MY,1667767485
260,dafeng,23.4517,108.5881,62.96,90,0,1.36,CN,1667767485
261,benguela,-12.5763,13.4055,76.06,78,68,5.12,AO,1667767486
262,manzanillo,20.3433,-77.1167,82.18,63,70,8.08,CU,1667767486
263,hamilton,39.1834,-84.5333,73.67,39,0,12.66,US,1667767288
264,pimentel,-6.8367,-79.9342,71.89,60,0,18.41,PE,1667767487
265,santiago del estero,-27.7951,-64.2615,95.43,15,49,10.94,AR,1667767378
266,thompson,55.7435,-97.8558,24.96,86,100,14.97,CA,1667767487
267,port-gentil,-0.7193,8.7815,76.96,94,20,2.3,GA,1667767488
268,victoria,22.2855,114.1577,70.25,91,100,10.0,HK,1667767434
269,dhidhdhoo,6.8833,73.1,80.6,70,41,5.68,MV,1667767489
270,crib point,-38.35,145.2,62.85,93,1,5.82,AU,1667767490
271,westport,41.1415,-73.3579,73.27,78,100,8.05,US,1667767335
272,kaitangata,-46.2817,169.8464,56.95,52,1,7.07,NZ,1667767490
273,talnakh,69.4865,88.3972,22.62,96,100,7.96,RU,1667767491
274,tynda,55.1667,124.7167,-1.07,99,93,3.18,RU,1667767491
275,kloulklubed,7.0419,134.2556,73.9,73,56,3.11,PW,1667767491
276,lucapa,-8.4192,20.7447,65.43,97,85,1.95,AO,1667767492
277,praia da vitoria,38.7333,-27.0667,64.76,82,40,11.18,PT,1667767492
278,tosno,59.54,30.8775,39.02,98,100,7.2,RU,1667767492
279,kendari,-3.945,122.4989,74.82,93,100,3.02,ID,1667767493
280,shubarshi,48.5872,57.1869,27.99,86,38,9.15,KZ,1667767493
281,cabo san lucas,22.8909,-109.9124,83.61,60,0,6.02,MX,1667767454
282,berlevag,70.8578,29.0864,37.4,75,0,11.5,NO,1667767494
283,muros,42.7762,-9.0603,62.1,72,28,12.77,ES,1667767494
284,labranzagrande,5.5622,-72.575,70.07,96,99,1.66,CO,1667767494
285,colares,38.7992,-9.4469,64.33,95,100,14.0,PT,1667767495
286,najran,17.4924,44.1277,68.65,30,62,2.1,SA,1667767263
287,pisco,-13.7,-76.2167,69.85,60,0,5.75,PE,1667767448
288,liberia,6.5,-9.5,72.9,97,100,2.19,LR,1667767495
289,hudson bay,52.85,-102.3842,19.58,81,100,14.41,CA,1667767496
290,baoqing,46.3317,132.2111,29.07,59,18,3.56,CN,1667767496
291,payo,-3.7508,103.6372,72.36,98,99,1.77,ID,1667767496
292,abalak,58.1286,68.5944,24.73,88,100,5.03,RU,1667767497
293,solwezi,-12.1688,26.3894,61.7,97,100,3.44,ZM,1667767497
294,krasnoarmeysk,51.0239,45.6969,36.37,62,100,2.98,RU,1667767497
295,hofn,64.2539,-15.2082,41.05,80,100,18.39,IS,1667767498
296,masuguru,-11.3667,38.4167,76.71,64,0,7.58,TZ,1667767498
297,jaragua,-15.7569,-49.3344,81.57,38,43,6.22,BR,1667767498
298,meleuz,52.9667,55.9167,26.74,94,99,5.59,RU,1667767499
299,desa,43.8667,23.0333,55.13,86,99,3.4,RO,1667767499
300,mocuba,-16.8392,36.9856,76.55,75,80,3.87,MZ,1667767499
301,yining,29.0361,114.5636,52.34,81,0,0.83,CN,1667767500
302,iglesias,39.3114,8.535,55.78,75,3,3.36,IT,1667767500
303,coahuayana,18.7333,-103.6833,85.55,65,14,6.31,MX,1667767501
304,aktau,43.65,51.2,36.18,65,97,14.14,KZ,1667767501
305,yarim,14.298,44.3779,51.96,49,0,3.29,YE,1667767501
306,henties bay,-22.116,14.2845,70.77,58,100,21.83,NA,1667767502
307,valle de allende,26.9333,-105.4,77.14,16,0,3.87,MX,1667767502
308,bilibino,68.0546,166.4372,7.3,93,99,3.51,RU,1667767503
309,kaltasy,55.9693,54.8032,27.73,93,93,7.16,RU,1667767503
310,shagonar,51.5333,92.8,20.77,92,99,1.74,RU,1667767503
311,qaqortoq,60.7167,-46.0333,30.56,96,97,3.65,GL,1667767457
312,beyneu,45.3167,55.2,39.16,68,100,15.17,KZ,1667767504
313,bubaque,11.2833,-15.8333,83.25,70,90,9.93,GW,1667767504
314,upernavik,72.7868,-56.1549,12.65,84,87,5.91,GL,1667767505
315,dalvik,65.9702,-18.5286,39.13,83,18,7.49,IS,1667767505
316,formosa,-26.1775,-58.1781,85.98,32,20,3.44,AR,1667767266
317,okha,53.5739,142.9478,24.87,73,70,15.41,RU,1667767506
318,veseloyarsk,51.2836,81.1056,28.96,68,45,6.69,RU,1667767506
319,pangoa,-12.1167,-73.0,77.95,63,89,1.34,PE,1667767506
320,progreso,21.2833,-89.6667,88.11,63,20,13.71,MX,1667767507
321,stephenville,32.2207,-98.2023,85.24,22,0,9.22,US,1667767507
322,sallanches,45.9442,6.6316,52.39,57,95,4.76,FR,1667767507
323,ziro,27.6333,93.8333,45.43,88,37,2.35,IN,1667767508
324,korem,12.5058,39.5228,53.22,61,1,2.82,ET,1667767508
325,souillac,-20.5167,57.5167,73.78,73,40,8.05,MU,1667767509
326,baruun-urt,46.6806,113.2792,23.68,64,0,7.83,MN,1667767509
327,talakan,50.3167,130.3667,17.2,92,9,3.04,RU,1667767510
328,sarangani,5.4033,125.4636,82.42,73,100,4.07,PH,1667767510
329,lincoln,40.8,-96.667,61.02,19,0,14.97,US,1667767230
330,masallatah,32.6167,14.0,65.19,63,50,14.88,LY,1667767511
331,pangody,65.85,74.4859,11.91,97,98,4.27,RU,1667767511
332,san cristobal,7.7669,-72.225,80.78,86,74,2.48,VE,1667767511
333,lavrentiya,65.5833,-171.0,34.27,98,100,13.65,RU,1667767512
334,bonavista,48.6499,-53.1147,42.94,84,100,17.98,CA,1667767512
335,byron bay,-28.65,153.6167,56.95,64,40,5.48,AU,1667767235
336,luneville,48.6,6.5,48.58,67,92,15.37,FR,1667767512
337,ust-shonosha,61.1531,41.343,31.41,89,100,8.84,RU,1667767513
338,klaksvik,62.2266,-6.589,47.32,86,100,23.73,FO,1667767513
339,torbay,47.6666,-52.7314,48.38,90,100,10.36,CA,1667767514
340,adeje,28.1227,-16.726,69.15,74,20,13.8,ES,1667767514
341,pakxan,18.3778,103.6601,64.22,88,41,3.31,LA,1667767514
342,richards bay,-28.783,32.0377,70.93,68,96,3.36,ZA,1667767515
343,kruisfontein,-34.0033,24.7314,67.89,81,96,11.23,ZA,1667767515
344,birao,10.2849,22.7882,78.66,29,72,4.47,CF,1667767515
345,srednekolymsk,67.45,153.6833,-13.5,99,66,7.56,RU,1667767516
346,pevek,69.7008,170.3133,17.13,79,68,20.29,RU,1667767516
347,college,64.8569,-147.8028,9.21,84,75,0.0,US,1667767516
348,yoichi,43.2039,140.7703,40.19,70,21,8.28,JP,1667767483
349,croy,46.6946,6.4772,53.19,58,100,8.57,CH,1667767517
350,kidal,18.4411,1.4078,77.11,14,0,8.7,ML,1667767517
351,yerbogachen,61.2767,108.0108,15.75,97,100,4.36,RU,1667767518
352,atar,20.5169,-13.0499,82.15,12,100,8.19,MR,1667767518
353,nanyuki,0.0167,37.0728,58.21,92,100,2.71,KE,1667767518
354,nome,64.5011,-165.4064,33.87,86,100,23.02,US,1667767519
355,kota kinabalu,5.9749,116.0724,76.87,94,20,5.01,MY,1667767519
356,ayan,56.45,138.1667,20.41,63,77,9.66,RU,1667767519
357,andradas,-22.0681,-46.5692,64.98,70,33,1.61,BR,1667767520
358,kangaatsiaq,68.3065,-53.4641,24.8,69,100,12.68,GL,1667767520
359,new waterford,40.8451,-80.6145,71.85,67,52,10.36,US,1667767521
360,salta,-24.7859,-65.4117,84.79,25,12,11.5,AR,1667767521
361,santa cruz,-17.8,-63.1667,92.66,29,20,4.61,BO,1667767354
362,gurupi,-11.7292,-49.0686,82.76,53,100,4.29,BR,1667767522
363,pangnirtung,66.1451,-65.7125,14.0,62,20,0.0,CA,1667767522
364,rio gallegos,-51.6226,-69.2181,73.45,31,0,13.8,AR,1667767296
365,cayenne,4.9333,-52.3333,78.84,89,0,4.61,GF,1667767523
366,te anau,-45.4167,167.7167,54.19,61,51,4.92,NZ,1667767523
367,gerash,27.6652,54.1371,60.94,28,0,7.49,IR,1667767524
368,yulara,-25.2406,130.9889,77.79,21,99,4.03,AU,1667767524
369,vao,-22.6667,167.4833,75.09,83,78,17.29,NC,1667767524
370,gimli,50.6336,-96.9907,35.62,75,100,5.75,CA,1667767499
371,gizo,-8.103,156.8419,82.45,73,100,4.99,SB,1667767525
372,rantoul,40.3084,-88.1559,66.81,57,0,11.5,US,1667767525
373,vuktyl,63.8567,57.3094,32.32,99,100,5.21,RU,1667767526
374,dengzhou,37.8086,120.7508,55.38,64,100,5.97,CN,1667767526
375,ormara,25.2088,64.6357,78.66,71,4,9.17,PK,1667767526
376,port hardy,50.6996,-127.4199,39.38,93,75,21.85,CA,1667767336
377,jumla,29.2747,82.1838,43.36,53,87,4.34,NP,1667767527
378,shelburne,44.0787,-80.2041,57.9,55,100,13.67,CA,1667767527
379,jamame,0.0722,42.7506,77.11,85,46,7.83,SO,1667767527
380,fuerte olimpo,-21.0415,-57.8738,89.11,21,0,8.03,PY,1667767528
381,marsa matruh,31.3525,27.2453,71.8,30,0,11.5,EG,1667767528
382,wattegama,6.7989,81.4808,70.41,93,85,3.91,LK,1667767529
383,tatawin,32.9297,10.4518,60.04,37,0,7.43,TN,1667767529
384,the valley,18.217,-63.0578,84.06,83,40,18.41,AI,1667767529
385,kikwit,-5.041,18.8162,68.2,96,92,1.23,CD,1667767530
386,laurentides,46.4334,-74.9826,63.0,62,100,9.51,CA,1667767530
387,cherskiy,68.75,161.3,3.34,94,100,3.44,RU,1667767530
388,taihe,30.8712,105.3845,61.86,76,100,3.2,CN,1667767531
389,kigoma,-4.8769,29.6267,73.44,77,95,6.98,TZ,1667767531
390,rensvik,63.1,7.8167,43.07,81,75,3.44,NO,1667767531
391,aquiraz,-3.9014,-38.3911,82.49,76,91,10.13,BR,1667767532
392,santa maria del oro,25.9333,-105.3667,79.88,11,0,4.47,MX,1667767532
393,balugaon,20.1667,85.1,68.58,84,23,2.48,IN,1667767533
394,qui nhon,13.7667,109.2333,74.25,89,93,10.0,VN,1667767533
395,port macquarie,-31.4333,152.9167,63.9,78,96,4.41,AU,1667767393
396,haines junction,60.7522,-137.5108,12.15,52,5,4.61,CA,1667767533
397,fort nelson,58.8053,-122.7002,9.95,64,75,12.66,CA,1667767523
398,faya,18.3851,42.4509,60.91,79,26,3.0,SA,1667767534
399,mudanya,40.3753,28.8822,62.04,51,100,5.77,TR,1667767534
400,dan khun thot,15.2085,101.7714,67.26,80,27,5.39,TH,1667767535
401,margate,51.3813,1.3862,53.11,92,1,5.01,GB,1667767535
402,karwar,14.8,74.1333,79.77,69,85,3.8,IN,1667767535
403,shalakusha,62.2247,40.2539,31.95,94,100,7.38,RU,1667767536
404,arlit,18.7369,7.3853,76.24,14,3,7.58,NE,1667767536
405,saldanha,-33.0117,17.9442,62.65,91,100,7.47,ZA,1667767536
406,pumiao,22.75,108.4833,63.0,91,0,3.04,CN,1667767537
407,broome,42.2506,-75.833,74.46,71,75,14.0,US,1667767537
408,isangel,-19.55,169.2667,78.91,89,10,3.44,VU,1667767537
409,raga,8.4596,25.678,76.28,41,66,2.04,SS,1667767538
410,karasburg,-28.0167,18.75,75.49,27,100,17.13,NA,1667767538
411,dakar,14.6937,-17.4441,81.48,83,0,6.91,SN,1667767351
412,zabol,32.25,67.25,42.85,81,2,4.92,AF,1667767539
413,palu,-0.8917,119.8707,74.23,95,96,2.86,ID,1667767539
414,trinidad,-14.8333,-64.9,91.38,38,20,3.44,BO,1667767539
415,waingapu,-9.6567,120.2641,79.25,80,98,4.59,ID,1667767540
416,los aquijes,-14.0967,-75.6908,79.99,30,0,11.14,PE,1667767540
417,mareeba,-17.0,145.4333,72.45,85,94,2.59,AU,1667767540
418,borogontsy,62.6683,131.1683,-20.22,100,100,3.89,RU,1667767541
419,rypefjord,70.6333,23.6667,34.27,100,75,14.97,NO,1667767541
420,vieux-habitants,16.0589,-61.7659,80.17,81,100,12.17,GP,1667767541
421,rabat,33.9911,-6.8401,64.15,100,75,0.0,MA,1667767542
422,mantua,45.1667,10.7833,49.15,87,20,3.2,IT,1667767542
423,agdam,39.991,46.9274,44.67,89,100,7.96,AZ,1667767542
424,juneau,58.3019,-134.4197,29.21,72,20,14.97,US,1667767451
425,talaya,61.3833,152.75,-3.57,99,97,4.25,RU,1667767543
426,spearfish,44.4908,-103.8594,43.66,28,0,14.97,US,1667767543
427,saint george,37.1041,-113.5841,65.79,28,0,3.44,US,1667767544
428,myitkyina,25.3833,97.4,63.0,83,0,2.04,MM,1667767544
429,hollister,36.8525,-121.4016,65.14,59,0,12.66,US,1667767544
430,wiwili,13.6268,-85.8254,83.64,75,61,3.18,NI,1667767545
431,tomatlan,19.9333,-105.25,85.48,55,0,5.26,MX,1667767545
432,aberystwyth,52.4155,-4.0829,48.7,85,98,22.79,GB,1667767545
433,concordia,-31.393,-58.0209,78.87,39,40,18.99,AR,1667767546
434,gomel,52.4345,30.9754,36.82,92,100,13.42,BY,1667767546
435,acarau,-2.8856,-40.12,79.18,78,89,15.17,BR,1667767546
436,bintulu,3.1667,113.0333,75.61,100,40,5.01,MY,1667767547
437,vila,42.0304,-8.1588,48.7,91,53,5.37,PT,1667767547
438,porto novo,6.4965,2.6036,84.02,79,100,5.99,BJ,1667767547
439,verkhovye,52.8119,37.2425,31.46,84,100,7.9,RU,1667767548
440,xapuri,-10.6517,-68.5044,96.39,20,5,1.07,BR,1667767548
441,qurbus,36.8167,10.5687,62.94,65,0,11.12,TN,1667767548
442,keti bandar,24.1447,67.4497,78.4,60,83,8.68,PK,1667767549
443,pekan,3.4836,103.3996,78.96,92,100,4.47,MY,1667767549
444,udachnyy,66.4167,112.4,-21.15,100,91,3.87,RU,1667767549
445,cootamundra,-34.65,148.0333,58.95,83,91,4.47,AU,1667767294
446,cervo,43.6702,-7.4101,56.97,75,32,13.62,ES,1667767550
447,talcahuano,-36.7167,-73.1167,60.48,67,0,11.5,CL,1667767550
448,mutoko,-17.397,32.2268,66.52,79,91,4.52,ZW,1667767551
449,hervey bay,-25.2986,152.8535,71.17,56,5,14.45,AU,1667767551
450,lorengau,-2.0226,147.2712,81.68,77,98,3.36,PG,1667767551
451,vermilion,40.1667,-87.7506,66.79,50,0,16.11,US,1667767552
452,berezovka,53.7214,25.4993,46.47,75,100,4.32,BY,1667767552
453,buchanan,5.8808,-10.0467,77.86,84,15,4.29,LR,1667767552
454,ouadda,8.0777,22.4007,77.34,42,81,3.4,CF,1667767553
455,pierre,44.3683,-100.351,47.32,39,0,27.63,US,1667767553
456,necochea,-38.5473,-58.7368,75.09,37,100,13.96,AR,1667767554
457,tahara,34.6667,137.2667,51.75,56,100,5.44,JP,1667767554
458,naze,28.3667,129.4833,65.32,69,100,5.93,JP,1667767554
459,pohrebyshche,49.4864,29.2636,45.82,74,100,10.0,UA,1667767555
460,skjervoy,70.0311,20.9714,37.4,77,100,17.69,NO,1667767555
461,la palma,33.8464,-118.0467,76.5,60,20,5.75,US,1667767555
462,kambove,-10.8764,26.5969,63.25,93,94,1.25,CD,1667767556
463,kamenka,51.3223,42.7678,31.62,77,8,4.52,RU,1667767556
464,mitsamiouli,-11.3847,43.2844,77.25,83,1,13.47,KM,1667767556
465,vesele,47.0148,34.915,38.17,76,96,11.68,UA,1667767557
466,havoysund,70.9963,24.6622,35.83,65,100,22.97,NO,1667767557
467,zhangye,38.9342,100.4517,37.15,36,43,1.86,CN,1667767558
468,santa rosa,14.3122,121.1114,78.78,92,7,4.05,PH,1667767242
469,anadyr,64.75,177.4833,25.3,86,0,4.47,RU,1667767558
470,luanda,-8.8368,13.2343,77.77,84,37,8.99,AO,1667767558
471,saint-francois,46.4154,3.9054,51.24,71,0,2.3,FR,1667767559
472,angoche,-16.2325,39.9086,77.23,76,6,12.91,MZ,1667767559
473,zaranj,30.9667,61.8833,58.96,45,53,7.09,AF,1667767560
474,yarmouth,41.7057,-70.2286,70.14,89,0,11.5,US,1667767560
475,adrar,20.5022,-10.0711,77.49,15,80,7.58,MR,1667767560
476,buraydah,26.326,43.975,72.05,57,30,8.97,SA,1667767505
477,chaman,30.9236,66.4512,53.49,68,0,2.68,PK,1667767561
478,poletayevo,55.0336,61.1138,28.22,92,99,5.99,RU,1667767561
479,tabuk,17.4189,121.4443,71.89,94,7,1.43,PH,1667767561
480,alice springs,-23.7,133.8833,54.95,38,2,0.0,AU,1667767509
481,komsomolskiy,40.4272,71.7189,50.72,87,87,4.61,UZ,1667767562
482,phan thiet,10.9333,108.1,73.78,90,77,2.8,VN,1667767562
483,chumikan,54.7183,135.315,22.17,74,100,18.63,RU,1667767563
484,kahului,20.8947,-156.47,87.82,61,20,20.71,US,1667767563
485,san juan,-31.5375,-68.5364,90.05,13,71,4.52,AR,1667767564
486,gallup,35.5281,-108.7426,58.84,35,0,16.11,US,1667767278
487,jiangyou,31.7667,104.7167,61.09,78,100,1.34,CN,1667767564
488,benin,9.5,2.25,75.7,35,6,3.67,BJ,1667767564
489,chumphon,10.3333,98.8333,69.87,98,100,3.2,TH,1667767565
490,ukiah,39.1502,-123.2078,58.37,61,100,4.0,US,1667767565
491,cuitlahuac,18.8167,-96.7167,82.62,68,68,3.2,MX,1667767565
492,oranjemund,-28.55,16.4333,62.82,90,100,5.12,NA,1667767566
493,belmonte,-15.8631,-38.8828,74.16,69,28,13.53,BR,1667767566
494,horsham,51.064,-0.3272,55.44,91,20,6.91,GB,1667767567
495,port hawkesbury,45.6169,-61.3485,70.72,74,0,9.22,CA,1667767567
496,lubao,14.9167,120.55,78.51,85,4,4.5,PH,1667767568
497,roberval,48.5168,-72.2324,68.63,45,75,12.66,CA,1667767480
498,tongliao,43.6125,122.2653,32.95,55,16,7.67,CN,1667767568
499,gari,59.4307,62.3497,21.67,93,69,4.59,RU,1667767568
500,hastings,50.8552,0.5729,57.29,91,3,27.81,GB,1667767569
501,maniitsoq,65.4167,-52.9,18.77,58,0,7.02,GL,1667767569
502,skibbereen,51.55,-9.2667,53.11,87,65,21.9,IE,1667767570
503,gagarin,55.5529,34.9954,32.27,98,100,11.16,RU,1667767570
504,grindavik,63.8424,-22.4338,42.75,70,0,8.05,IS,1667767570
505,nisia floresta,-6.0911,-35.2086,79.18,76,74,8.23,BR,1667767571
506,tiznit,29.5833,-9.5,68.81,45,0,1.36,MA,1667767571
507,nhulunbuy,-12.2333,136.7667,75.81,88,62,0.0,AU,1667767571
508,port augusta,-32.5,137.7667,69.08,38,0,3.15,AU,1667767572
509,mogadishu,2.0371,45.3438,77.94,83,42,12.19,SO,1667767347
510,alekseyevsk,57.8406,108.3492,27.21,97,100,5.39,RU,1667767572
511,iraucuba,-3.7461,-39.7833,79.88,68,89,4.54,BR,1667767573
512,shache,38.4167,77.2406,44.82,35,82,1.66,CN,1667767573
513,bodaybo,57.8506,114.1933,21.34,95,100,4.27,RU,1667767574
514,charagua,-19.8,-63.2167,90.97,18,2,8.5,BO,1667767574
515,lompoc,34.6391,-120.4579,76.01,78,100,6.91,US,1667767575
516,mus,39.0,41.75,42.33,52,1,3.65,TR,1667767575
517,bairiki,1.3292,172.9752,80.6,69,20,2.3,KI,1667767575
518,inhambane,-23.865,35.3833,75.79,89,41,5.3,MZ,1667767576
519,mwinilunga,-11.7358,24.4293,62.47,96,99,0.43,ZM,1667767576
520,great yarmouth,52.6083,1.7305,50.5,83,5,21.25,GB,1667767576
521,koppang,61.5706,11.0555,37.47,89,99,0.98,NO,1667767577
522,taree,-31.9,152.4667,58.06,79,18,2.48,AU,1667767577
523,vanimo,-2.6741,141.3028,77.68,87,100,3.09,PG,1667767577
524,pokosnoye,55.5258,101.0536,27.46,97,100,2.35,RU,1667767578
525,xacmaz,41.4635,48.806,44.24,83,100,11.03,AZ,1667767578
526,deputatskiy,69.3,139.9,-4.02,88,100,21.65,RU,1667767579
527,hay river,60.8156,-115.7999,10.38,79,75,18.41,CA,1667767342
528,olafsvik,64.8945,-23.7142,42.08,64,1,9.6,IS,1667767579
529,yeysk,46.6989,38.2792,40.03,71,8,18.01,RU,1667767465
530,ubatuba,-23.4339,-45.0711,67.46,78,94,2.62,BR,1667767580
531,jacmel,18.2342,-72.5347,84.04,71,22,5.61,HT,1667767580
532,paramonga,-10.6667,-77.8333,67.17,73,24,10.27,PE,1667767580
533,warri,5.5167,5.75,77.77,83,98,3.76,NG,1667767581
534,broken hill,-31.95,141.4333,64.17,57,3,6.91,AU,1667767581
535,sungaipenuh,-2.0833,101.3833,63.75,96,100,1.1,ID,1667767582
536,tommot,58.9564,126.2925,9.84,95,100,5.26,RU,1667767582
537,nuuk,64.1835,-51.7216,23.61,63,20,19.57,GL,1667767582
538,bafoulabe,13.8065,-10.8321,84.42,24,3,3.89,ML,1667767583
539,kuching,1.55,110.3333,75.42,94,20,2.3,MY,1667767344
540,rawson,-43.3002,-65.1023,88.03,19,77,23.87,AR,1667767583
541,presidencia roque saenz pena,-26.7852,-60.4388,90.48,15,16,10.0,AR,1667767584
542,hamburg,53.55,10.0,51.66,67,0,12.66,DE,1667767325
543,charters towers,-20.1,146.2667,71.1,72,9,11.27,AU,1667767584
544,loikaw,19.6742,97.2094,59.7,84,0,3.06,MM,1667767584
545,gibara,21.1097,-76.1317,81.72,72,15,10.6,CU,1667767585
546,savannah bight,16.45,-85.85,82.11,71,69,8.88,HN,1667767585
547,zheleznodorozhnyy,55.7503,38.0042,32.61,86,100,8.41,RU,1667767585
548,port lincoln,-34.7333,135.8667,64.53,71,5,11.36,AU,1667767586
549,idlib,35.9306,36.6339,62.78,39,5,2.75,SY,1667767586
550,wahpeton,46.2652,-96.6059,41.02,36,0,36.82,US,1667767458
551,castelo do piaui,-5.3222,-41.5525,79.93,69,79,5.03,BR,1667767587
552,pachino,36.7186,15.0907,63.9,63,0,3.49,IT,1667767587
553,manado,1.487,124.8455,74.17,100,20,2.3,ID,1667767587
554,asau,46.4333,26.4,52.72,93,100,4.12,RO,1667767588
555,pontes e lacerda,-15.2261,-59.3353,94.53,17,0,3.71,BR,1667767588
556,kampong thum,12.7111,104.8887,72.59,93,100,4.85,KH,1667767588
557,muroto,33.2833,134.15,62.83,64,100,8.81,JP,1667767589
558,nipawin,53.3668,-104.0009,23.04,80,100,19.57,CA,1667767589
559,yar-sale,66.8333,70.8333,24.44,97,100,6.96,RU,1667767590
560,springbok,-29.6643,17.8865,65.12,56,100,6.33,ZA,1667767590
561,lisakovsk,52.5369,62.4936,20.3,94,94,5.68,KZ,1667767590
562,mmabatho,-25.85,25.6333,64.36,88,98,4.61,ZA,1667767591
563,corovode,40.5042,20.2272,56.53,77,46,5.66,AL,1667767591
564,salalah,17.0151,54.0924,80.69,74,40,3.44,OM,1667767591
565,tarbagatay,51.4803,107.3602,15.33,85,84,3.91,RU,1667767592
566,awbari,26.5921,12.7805,62.83,21,0,6.53,LY,1667767397
567,rudbar,30.15,62.6,66.54,47,7,6.17,AF,1667767592
568,dingle,10.9995,122.6711,75.67,93,70,5.93,PH,1667767593
569,predivinsk,57.0669,93.4378,30.25,73,26,11.5,RU,1667767593
570,meulaboh,4.1363,96.1285,76.05,88,100,4.0,ID,1667767593
571,anchorage,61.2181,-149.9003,19.63,69,0,3.44,US,1667767525
572,kirakira,-10.4544,161.9205,82.29,78,59,3.42,SB,1667767594
573,cilegon,-6.0174,106.0538,78.03,84,100,3.18,ID,1667767594
574,beinamar,8.6698,15.3813,74.07,34,19,2.39,TD,1667767595
575,nanortalik,60.1432,-45.2371,31.46,92,85,3.74,GL,1667767595
576,half moon bay,37.4636,-122.4286,64.45,59,40,11.5,US,1667767338
577,pochutla,15.7432,-96.4661,83.32,73,93,4.36,MX,1667767596
578,abashiri,44.0213,144.2697,33.94,76,36,6.93,JP,1667767596
